Date,Category,Amount,Payment Method,Description,Category_encoded,Payment_encoded,Cluster
2024-11-06,Transport,403.84,Online,Music record always single instead.,7,2,0
2024-07-10,Shopping,314.35,Cash,Million college happy action station culture expect pressure.,6,1,2
2024-07-13,Health,308.34,Card,General smile son conference hundred.,4,0,2
2024-09-16,Bills,150.25,Card,Tonight get eight great third.,0,0,1
2025-02-13,Miscellaneous,18.22,Cash,Order respond growth million research address probably arrive.,5,1,1
2025-01-20,Education,451.18,Cash,Ten all result month.,1,1,0
2025-03-13,Health,64.25,Cash,Read fill them I.,4,1,1
2024-10-01,Education,146.39,Cash,Big perform ready food right nearly.,1,1,1
2024-12-31,Transport,426.19,Card,Check happy actually blood treatment social production.,7,0,0
2024-06-02,Bills,6.65,Online,Food before simple magazine because second.,0,2,1
2025-03-21,Miscellaneous,340.59,Card,Of PM those use dream dream.,5,0,0
2024-07-09,Bills,188.4,Cash,Career product daughter use.,0,1,2
2024-10-31,Miscellaneous,71.99,Online,Move factor draw financial no network.,5,2,1
2024-04-03,Bills,361.92,Cash,Huge be enter down scene right.,0,1,0
2025-02-10,Shopping,173.64,Cash,Mrs laugh recent operation.,6,1,2
2024-07-19,Entertainment,259.49,Online,Movement natural film market career.,2,2,2
2025-01-14,Education,288.41,Card,Not see resource party rock.,1,0,2
2024-04-28,Transport,462.03,Cash,Respond talk present firm international improve.,7,1,0
2024-04-15,Transport,387.69,Cash,Theory reach consumer protect.,7,1,0
2024-12-04,Education,167.27,Cash,Your remember positive chair stock near soldier.,1,1,1
2025-02-20,Shopping,108.34,Card,Civil baby agree practice move exactly space partner.,6,0,1
2024-04-17,Health,359.55,Online,Himself director federal north.,4,2,0
2024-07-17,Health,193.28,Cash,Father poor born black nearly quickly instead.,4,1,2
2024-10-07,Entertainment,492.28,Cash,Accept newspaper mission color role rule drop now.,2,1,0
2024-12-12,Food,293.06,Card,Resource them front wind not.,3,0,2
2024-09-16,Shopping,161.13,Online,Discover I little keep oil create opportunity.,6,2,1
2024-12-27,Health,474.81,Online,Keep skill election cover finally foreign fine.,4,2,0
2024-08-16,Health,455.61,Cash,Total cause task ready.,4,1,0
2025-01-09,Food,436.69,Online,Military action continue be hundred environment they.,3,2,0
2025-01-25,Transport,274.29,Online,Evening who tend deep few process wind face.,7,2,2
2025-03-10,Miscellaneous,382.67,Online,Debate image admit when crime consider.,5,2,0
2024-10-21,Entertainment,281.8,Online,Surface water store they success order information administration.,2,2,2
2025-02-21,Education,173.26,Card,Interesting car big business themselves.,1,0,2
2025-01-17,Miscellaneous,42.09,Cash,Environmental level Democrat population base prove.,5,1,1
2025-01-07,Education,410.87,Online,Energy standard because daughter lot next.,1,2,0
2024-11-12,Bills,264.61,Cash,Water check expert.,0,1,2
2025-03-09,Bills,87.32,Online,Democratic value light per card.,0,2,1
2024-05-25,Food,359.02,Cash,Whole parent wall.,3,1,0
2025-03-15,Entertainment,474.8,Card,Offer improve call another far.,2,0,0
2024-05-31,Shopping,23.55,Online,Ability capital lead education recognize successful population.,6,2,1
2024-12-14,Transport,303.16,Online,Care possible themselves.,7,2,2
2024-12-29,Bills,317.53,Card,Congress tough hear third sure.,0,0,2
2024-06-24,Education,70.02,Card,Both event recently leave rather.,1,0,1
2024-07-03,Shopping,480.08,Cash,Agency simple record remain.,6,1,0
2024-10-27,Transport,288.07,Card,Since wear keep write data trip.,7,0,2
2024-04-12,Health,36.18,Online,Father live ask.,4,2,1
2025-03-11,Shopping,209.31,Cash,Purpose lot book.,6,1,2
2025-03-19,Shopping,337.63,Cash,Phone ball just nothing example.,6,1,2
2025-03-06,Shopping,140.74,Online,Rather where receive.,6,2,1
2025-01-26,Health,275.49,Online,Baby business girl also culture small really.,4,2,2
2024-12-11,Health,262.77,Card,What economic meet region attention several result.,4,0,2
2024-08-19,Education,459.15,Card,Opportunity little cut whom dog call board red.,1,0,0
2025-02-07,Miscellaneous,28.37,Online,Rock public front body own page type rest.,5,2,1
2024-05-21,Miscellaneous,61.23,Card,Power of assume direction.,5,0,1
2024-05-31,Health,464.8,Online,Old during concern part.,4,2,0
2024-12-29,Miscellaneous,211.79,Card,Big drug miss speech government stay.,5,0,2
2024-06-21,Transport,304.79,Card,Tonight tonight citizen director late every bad raise.,7,0,2
2024-07-27,Health,382.88,Cash,Summer worker opportunity back well.,4,1,0
2024-10-06,Education,72.41,Card,Others style per unit big.,1,0,1
2025-02-04,Health,215.61,Online,Call wrong media away fact.,4,2,2
2024-06-26,Health,114.79,Online,Student light financial.,4,2,1
2024-10-27,Bills,167.93,Card,Paper with conference institution white.,0,0,1
2024-04-10,Shopping,441.75,Online,Water young feeling most.,6,2,0
2024-05-29,Transport,14.45,Card,Middle opportunity tonight future ground kid note.,7,0,1
2024-08-06,Bills,288.94,Card,Thus even top listen.,0,0,2
2024-11-13,Entertainment,122.17,Online,Under east since door push many central.,2,2,1
2024-05-16,Food,80.87,Card,Scene measure nearly such billion fill.,3,0,1
2024-05-05,Bills,331.17,Cash,Shake make PM and.,0,1,2
2024-07-25,Shopping,232.08,Cash,Might speech medical remember visit threat.,6,1,2
2025-02-13,Miscellaneous,357.69,Card,Total sing apply ok data.,5,0,0
2024-10-29,Bills,200.5,Cash,Responsibility food charge drug moment beat between past.,0,1,2
2025-01-31,Bills,333.87,Cash,Benefit already close just.,0,1,2
2024-06-03,Food,443.18,Cash,Religious sign should pick.,3,1,0
2024-11-26,Transport,417.77,Cash,Network choose leg different process life machine every.,7,1,0
2024-06-20,Health,77.94,Card,Return up art letter suffer.,4,0,1
2025-03-27,Food,140.09,Cash,Agreement arrive attention friend.,3,1,1
2024-07-17,Shopping,16.4,Card,Minute team avoid movie back.,6,0,1
2024-10-31,Education,430.02,Cash,Great drive food Democrat side impact.,1,1,0
2024-03-29,Shopping,398.11,Online,Determine game hold writer near.,6,2,0
2024-05-18,Transport,252.32,Cash,Must condition guess page station city majority.,7,1,2
2024-09-16,Shopping,205.95,Online,Remember movement us be often mean.,6,2,2
2024-07-19,Bills,306.38,Online,Fund discover voice provide growth traditional wonder.,0,2,2
2024-06-20,Miscellaneous,221.3,Online,Light near ok difficult thought fire movie.,5,2,2
2025-01-03,Health,325.56,Online,Ball him experience happen field.,4,2,2
2024-06-25,Food,495.31,Cash,However produce prove kid.,3,1,0
2025-02-05,Shopping,464.91,Cash,Nothing at believe design ok.,6,1,0
2024-11-21,Shopping,204.41,Card,Expert peace discussion leg left defense high.,6,0,2
2024-07-25,Health,178.6,Online,Appear Mr only determine though local.,4,2,2
2024-12-14,Food,20.63,Online,Development machine bed concern American recognize since.,3,2,1
2024-11-01,Food,76.14,Card,Whether director health east thought establish.,3,0,1
2025-02-14,Bills,121.26,Cash,Individual policy administration sign trip.,0,1,1
2025-01-20,Entertainment,194.01,Card,Reason strong early.,2,0,2
2025-01-08,Shopping,274.27,Online,Want area goal poor.,6,2,2
2024-04-26,Miscellaneous,65.5,Card,Win wind happen least beautiful.,5,0,1
2025-02-15,Entertainment,389.45,Card,Spend like send you despite nature.,2,0,0
2024-10-19,Bills,359.88,Card,Million someone manage draw value kitchen change.,0,0,0
2025-03-29,Health,222.22,Cash,Structure live event require scene keep visit.,4,1,2
2024-09-21,Health,126.93,Online,Hour exist field position big.,4,2,1
2024-06-16,Miscellaneous,190.71,Online,Authority spend sign watch her goal.,5,2,2
2024-11-12,Shopping,470.53,Card,Everything his artist thank television.,6,0,0
2024-03-31,Education,48.23,Cash,Difference character during others magazine win.,1,1,1
2024-05-15,Bills,249.2,Cash,Just return language get try act cup.,0,1,2
2025-02-25,Bills,20.57,Card,While firm leave enjoy.,0,0,1
2024-10-30,Entertainment,83.24,Cash,Spring year expect board bar.,2,1,1
2024-12-20,Health,468.05,Online,As least early about film.,4,2,0
2024-07-03,Entertainment,71.58,Online,Quite remain child listen get watch debate.,2,2,1
2024-06-04,Entertainment,167.42,Card,Piece conference kind plan else four very growth.,2,0,1
2024-08-26,Education,223.17,Card,Truth image write no behavior world.,1,0,2
2024-11-26,Transport,449.44,Cash,Together pretty civil career.,7,1,0
2024-09-18,Entertainment,305.49,Cash,Perform many mind big draw.,2,1,2
2024-11-17,Education,228.16,Online,Director somebody prove degree quite contain particularly wish.,1,2,2
2024-04-23,Entertainment,219.64,Card,Phone weight young thought.,2,0,2
2024-12-03,Shopping,473.24,Online,Maintain happen college exist like enter.,6,2,0
2024-07-23,Health,70.2,Cash,Western door deal southern know color section.,4,1,1
2024-05-15,Bills,336.96,Cash,Resource condition nation somebody four my.,0,1,2
2024-09-10,Health,15.2,Online,Interview together seven single stand paper eight.,4,2,1
2024-07-26,Bills,18.24,Cash,Available current capital feeling television society toward.,0,1,1
2025-02-02,Shopping,165.02,Online,Million year view size.,6,2,1
2024-04-19,Miscellaneous,422.17,Cash,Factor open analysis eat unit somebody like.,5,1,0
2024-10-05,Transport,318.76,Cash,Down executive report discover look.,7,1,2
2024-06-02,Entertainment,416.08,Cash,Management two fire on capital energy production growth.,2,1,0
2025-01-02,Education,78.15,Online,Exist whether friend idea interview religious.,1,2,1
2025-02-10,Transport,120.56,Online,Range agency apply others.,7,2,1
2024-12-09,Food,127.16,Cash,Very north dark east.,3,1,1
2024-11-27,Health,273.58,Card,Somebody modern phone glass decade set employee.,4,0,2
2024-12-13,Entertainment,165.46,Cash,Especially may professor.,2,1,1
2025-01-21,Miscellaneous,467.62,Online,Kind stuff federal prove.,5,2,0
2025-02-04,Food,230.81,Online,Edge money push.,3,2,2
2024-07-24,Health,133.38,Cash,Military program where.,4,1,1
2024-05-06,Transport,51.88,Cash,Exist hotel candidate cup site couple dinner.,7,1,1
2024-12-10,Entertainment,485.67,Card,Box buy coach benefit.,2,0,0
2024-12-02,Entertainment,240.19,Card,Area across technology imagine think.,2,0,2
2024-04-24,Bills,483.2,Card,Plan inside her nice.,0,0,0
2024-11-30,Transport,434.86,Cash,Ground child with happen.,7,1,0
2025-03-12,Miscellaneous,475.43,Cash,Recognize community lot necessary return account race soon.,5,1,0
2024-12-28,Miscellaneous,349.1,Cash,Field writer no term.,5,1,0
2024-12-13,Transport,64.47,Cash,Study center but speech lose government training.,7,1,1
2024-09-21,Shopping,208.43,Online,Be wife as bring health.,6,2,2
2024-09-02,Education,25.4,Cash,Will over hair commercial know work.,1,1,1
2024-12-17,Shopping,242.06,Online,Figure spend tax why outside present see.,6,2,2
2024-12-05,Shopping,383.8,Cash,Read least southern theory indicate live.,6,1,0
2024-10-04,Education,36.7,Cash,Glass if newspaper.,1,1,1
2025-01-13,Education,499.57,Online,Soon able always itself note development business.,1,2,0
2024-05-17,Bills,47.11,Cash,Side leader value.,0,1,1
2024-09-14,Education,436.28,Card,Property career public face rock no.,1,0,0
2024-10-02,Miscellaneous,318.26,Card,Prove interview music rule.,5,0,2
2025-02-19,Bills,377.24,Cash,Consider rock number thank culture deal.,0,1,0
2024-05-27,Health,398.82,Card,Class military policy doctor boy project service.,4,0,0
2025-01-23,Education,9.54,Cash,Glass instead eat time for away water quality.,1,1,1
2024-04-14,Shopping,236.29,Cash,Today talk week best able meet church.,6,1,2
2024-04-20,Shopping,179.91,Cash,Sound low husband radio not.,6,1,2
2024-05-13,Education,33.93,Cash,Company prove work share.,1,1,1
2024-10-04,Miscellaneous,178.0,Online,News table who thing choose require measure.,5,2,2
2025-01-17,Transport,444.86,Cash,Animal member choose material environment.,7,1,0
2024-04-22,Education,343.91,Card,Point receive continue more.,1,0,0
2024-10-02,Shopping,83.88,Online,Fine company process season want social.,6,2,1
2024-12-02,Entertainment,422.18,Card,Deep have beat herself officer contain.,2,0,0
2024-08-30,Entertainment,96.55,Card,Account east bag task.,2,0,1
2024-11-30,Entertainment,370.45,Card,Kind forward police kind physical business.,2,0,0
2025-01-19,Transport,42.85,Online,Indeed entire happen ever body.,7,2,1
2024-04-26,Entertainment,22.12,Card,Action conference race view final.,2,0,1
2024-05-04,Entertainment,206.26,Cash,End strategy yard operation.,2,1,2
2024-08-04,Food,312.41,Cash,Whole they media population.,3,1,2
2024-11-19,Miscellaneous,188.74,Online,Organization information respond fill next coach.,5,2,2
2024-05-29,Shopping,23.94,Card,Common throw week drop him.,6,0,1
2024-10-26,Food,161.17,Online,Reality pattern each fall father bad type.,3,2,1
2025-02-19,Health,215.3,Cash,Explain candidate way then accept.,4,1,2
2024-11-14,Shopping,461.59,Online,Value suddenly rich home theory.,6,2,0
2025-01-24,Health,241.91,Card,Put opportunity whom officer upon.,4,0,2
2024-12-17,Transport,62.95,Card,Sure national collection win.,7,0,1
2024-08-23,Transport,298.73,Online,Foot go over hear keep idea.,7,2,2
2025-03-05,Food,283.45,Card,Firm eight site would house stop.,3,0,2
2024-06-01,Miscellaneous,13.67,Card,Yard yes free.,5,0,1
2024-09-24,Transport,343.98,Cash,High along evidence own stop.,7,1,0
2024-07-27,Entertainment,89.3,Online,Our happen play song lay list.,2,2,1
2024-07-09,Miscellaneous,264.18,Online,Health consider police appear situation hot.,5,2,2
2024-04-12,Food,309.27,Cash,I at believe build especially particularly.,3,1,2
2024-06-23,Shopping,77.64,Card,Add call alone six.,6,0,1
2025-02-10,Miscellaneous,64.54,Card,Leave in official collection open.,5,0,1
2025-03-28,Health,14.05,Online,Wear rather probably series there mind nor.,4,2,1
2024-11-08,Health,446.79,Online,Tonight small of message group tell.,4,2,0
2024-06-17,Entertainment,260.09,Online,Woman hard but eight often wide.,2,2,2
2024-06-15,Shopping,244.99,Cash,Cup cover much clear take look series.,6,1,2
2025-01-29,Health,293.48,Online,Gun news voice ball himself civil star.,4,2,2
2024-12-04,Shopping,354.19,Cash,Own sometimes yeah decision area.,6,1,0
2024-05-08,Health,468.09,Online,Economy various nation old meeting technology thank.,4,2,0
2024-12-26,Bills,297.05,Online,Enter international describe within decide military total.,0,2,2
2024-05-09,Shopping,398.12,Cash,Also fund interesting man black important child.,6,1,0
2025-02-11,Education,440.89,Card,Issue political rich notice into save act Democrat.,1,0,0
2024-05-18,Shopping,409.39,Card,Effect according note political.,6,0,0
2024-12-19,Entertainment,410.21,Cash,Enough program enter great leave management free should.,2,1,0
2024-08-16,Health,8.6,Cash,Article season give policy person.,4,1,1
2024-08-30,Food,192.15,Cash,Religious road officer suddenly despite visit.,3,1,2
2024-06-25,Transport,424.19,Card,Like million I both front find lot.,7,0,0
2025-03-25,Transport,318.05,Cash,Can record simple become case many.,7,1,2
2024-03-31,Food,100.54,Online,Effect hand west.,3,2,1
2024-04-23,Bills,345.28,Online,Represent likely himself whether side pick.,0,2,0
2024-05-27,Health,276.11,Cash,Five history draw cover road.,4,1,2
2025-01-12,Transport,148.31,Card,Market class treat free under reach.,7,0,1
2025-01-11,Bills,495.27,Cash,Last fall worker small pattern building boy baby.,0,1,0
2024-12-02,Miscellaneous,34.79,Card,Seem cost study compare health later majority.,5,0,1
2024-09-07,Food,246.24,Cash,Finally fish notice shake effect get enough.,3,1,2
2025-03-11,Food,360.5,Online,Ball or pay office project middle reveal.,3,2,0
2024-06-25,Food,71.16,Cash,Middle team industry coach.,3,1,1
2025-03-11,Food,212.89,Cash,Over describe provide political include myself.,3,1,2
2024-12-20,Entertainment,432.1,Cash,Seek painting watch remain.,2,1,0
2024-08-07,Shopping,131.31,Cash,Happen education free look worry.,6,1,1
2025-01-27,Miscellaneous,267.72,Card,Top environment animal suggest budget only provide.,5,0,2
2025-02-10,Education,110.94,Card,Race anything some show bar pick party sometimes.,1,0,1
2025-02-27,Food,430.1,Online,Me newspaper kid half teach.,3,2,0
2024-12-12,Transport,121.09,Online,View still science.,7,2,1
2024-07-25,Transport,278.9,Cash,Table main possible take those voice.,7,1,2
2024-04-11,Shopping,484.29,Card,Raise capital let more suddenly which war sing.,6,0,0
2024-10-11,Shopping,131.6,Cash,Issue choice environmental trip.,6,1,1
2024-08-05,Entertainment,95.52,Online,Life thousand know product ok.,2,2,1
2024-06-11,Education,397.62,Cash,She if could bag dinner perhaps billion.,1,1,0
2024-12-24,Education,14.23,Cash,Environmental research few across democratic already.,1,1,1
2024-09-03,Shopping,268.48,Cash,Such ahead suffer west.,6,1,2
2024-12-10,Health,63.36,Card,Have seek expect traditional experience high stage.,4,0,1
2024-04-12,Miscellaneous,147.25,Cash,Seat special collection dog region.,5,1,1
2024-07-11,Food,418.53,Card,Management than picture hair.,3,0,0
2025-01-10,Health,166.28,Card,Visit student indeed sign.,4,0,1
2024-09-04,Shopping,351.98,Card,Theory indicate base relationship in total throughout.,6,0,0
2024-09-11,Entertainment,390.5,Cash,Method step six money evening.,2,1,0
2024-09-17,Bills,186.99,Cash,Management many dog last allow price enough.,0,1,2
2024-11-08,Transport,396.72,Online,Hear program painting near.,7,2,0
2025-01-28,Miscellaneous,448.64,Cash,Lot top season law dinner strategy if risk.,5,1,0
2024-08-20,Shopping,412.76,Card,Necessary hand close dinner one benefit later.,6,0,0
2024-04-16,Transport,147.3,Cash,Sing offer heavy power discuss main.,7,1,1
2025-01-03,Transport,64.28,Online,Knowledge pass now particularly discussion.,7,2,1
2025-02-17,Entertainment,323.46,Online,Medical soon city success.,2,2,2
2024-04-22,Bills,394.56,Cash,Exist for owner long news Democrat.,0,1,0
2024-08-27,Entertainment,398.85,Online,Above economy maybe answer.,2,2,0
2024-10-18,Food,463.89,Cash,Big throughout million miss after true situation.,3,1,0
2024-12-15,Transport,317.49,Card,Bit paper to at ahead degree.,7,0,2
2024-07-26,Transport,475.74,Card,Agreement try Mrs hit those since huge.,7,0,0
2024-07-21,Transport,362.57,Cash,Success view party dog risk speak himself.,7,1,0
2025-02-07,Education,181.9,Card,Region of region bar choose put discuss.,1,0,2
2024-06-18,Shopping,231.72,Card,Better contain control call drop result old.,6,0,2
2025-03-24,Miscellaneous,243.35,Online,Note hit level few choose card minute.,5,2,2
2024-07-17,Health,187.03,Online,Economic benefit so policy place smile.,4,2,2
2024-08-17,Shopping,164.25,Cash,Dog state protect develop action grow still.,6,1,1
2025-03-21,Bills,262.86,Online,Station act remember and bar environment.,0,2,2
2024-10-26,Entertainment,314.17,Card,Skin wide two avoid open.,2,0,2
2024-12-29,Health,46.9,Online,Tree question us read chair operation.,4,2,1
2024-09-16,Education,403.41,Cash,Run truth read cause live toward establish.,1,1,0
2024-06-14,Food,49.53,Online,Seven he agent eat structure agree right hour.,3,2,1
2025-01-03,Bills,330.46,Card,Fill anyone go do though discussion claim.,0,0,2
2024-09-07,Health,55.57,Cash,Across set that maintain.,4,1,1
2024-05-18,Health,269.96,Online,That perform book spring kind amount organization.,4,2,2
2024-07-02,Bills,189.96,Cash,Figure party speech democratic.,0,1,2
2024-08-23,Transport,36.67,Cash,Simple series size seven sit apply.,7,1,1
2024-09-18,Entertainment,474.87,Cash,Itself firm white life.,2,1,0
2024-09-03,Education,387.12,Online,Attorney someone argue carry.,1,2,0
2025-03-10,Bills,217.75,Cash,Happen girl sometimes support growth so truth.,0,1,2
2024-04-14,Transport,83.11,Cash,Anything prevent market sign heavy.,7,1,1
2025-03-10,Entertainment,344.74,Cash,Show television wear everyone health loss nothing involve.,2,1,0
2024-11-11,Shopping,127.1,Cash,Save inside no couple school include hold.,6,1,1
2024-07-15,Transport,301.21,Online,Others decision theory probably project.,7,2,2
2024-11-13,Shopping,232.01,Card,Participant choose fear situation.,6,0,2
2024-12-02,Food,55.64,Card,Write why tax tax for identify.,3,0,1
2024-09-04,Health,213.95,Online,Him moment wrong.,4,2,2
2024-12-12,Education,318.19,Card,Will like pass return health.,1,0,2
2024-11-28,Education,223.51,Cash,Affect all total late run.,1,1,2
2024-12-11,Education,428.0,Online,Beat difficult attorney nothing foreign.,1,2,0
2025-02-01,Health,430.36,Online,Pattern marriage above instead week wall position.,4,2,0
2024-12-21,Shopping,246.77,Card,Authority recognize moment deep.,6,0,2
2024-08-19,Bills,169.17,Cash,Increase yeah generation fight.,0,1,1
2024-09-16,Entertainment,108.21,Online,Protect hotel rich stuff must.,2,2,1
2024-05-25,Transport,361.57,Cash,Success right current church south property.,7,1,0
2024-11-09,Education,96.17,Cash,Arrive understand cost star different science side ball.,1,1,1
2024-12-03,Shopping,312.32,Cash,To attention fund me land understand run.,6,1,2
2024-05-08,Food,361.37,Online,Garden church might work edge attention team test.,3,2,0
2024-12-27,Education,478.75,Cash,Prove positive south wish system see.,1,1,0
2025-03-14,Bills,135.97,Online,Increase play deal mean large up.,0,2,1
2024-04-01,Entertainment,189.27,Cash,Wish force behind common.,2,1,2
2024-07-20,Food,8.54,Online,Shake professor piece together.,3,2,1
2025-03-14,Shopping,113.32,Cash,Reveal traditional well meet worker treat down.,6,1,1
2025-03-17,Health,195.78,Cash,Hear condition worry feel let feeling represent.,4,1,2
2025-03-14,Education,186.83,Online,Forward pay suddenly audience season.,1,2,2
2024-05-30,Shopping,157.5,Cash,State when choose throw agent.,6,1,1
2024-05-10,Bills,279.52,Cash,These that include gun.,0,1,2
2025-01-03,Food,327.2,Cash,Building sister black range weight.,3,1,2
2025-02-08,Miscellaneous,419.06,Card,Best our any what.,5,0,0
2025-03-15,Miscellaneous,223.48,Online,High list director development.,5,2,2
2024-10-08,Bills,54.31,Card,Reality official professor off.,0,0,1
2024-08-22,Education,137.16,Online,Claim meet value remember front.,1,2,1
2024-08-21,Education,63.29,Online,Billion administration strong none.,1,2,1
2024-06-18,Food,319.08,Online,Little government floor across so.,3,2,2
2024-12-25,Entertainment,239.49,Online,Price subject difficult various.,2,2,2
2024-10-02,Food,328.27,Cash,East she conference into protect.,3,1,2
2024-07-31,Transport,373.89,Online,Back audience card would rule kind.,7,2,0
2024-10-01,Education,292.91,Cash,Friend growth explain stage step day would memory.,1,1,2
2024-10-01,Shopping,122.17,Online,Practice body thank clearly because.,6,2,1
2025-02-07,Miscellaneous,288.23,Cash,Need cup reason successful subject dark modern cover.,5,1,2
2025-03-25,Food,138.3,Cash,Price peace degree.,3,1,1
2024-10-17,Entertainment,329.27,Online,Happy yet note science adult.,2,2,2
2024-10-31,Food,372.9,Online,Understand film group bed.,3,2,0
2024-06-07,Bills,258.6,Cash,Bag test step represent visit.,0,1,2
2024-12-29,Food,304.97,Online,Teacher reflect first box issue few prevent look.,3,2,2
2024-06-04,Transport,245.55,Online,Cost financial mean lead reality fight.,7,2,2
2024-10-16,Bills,460.87,Cash,Can talk computer check design.,0,1,0
2024-10-12,Transport,433.53,Card,Relate avoid staff market production paper month.,7,0,0
2024-10-13,Transport,407.16,Cash,Often time that parent join different meeting.,7,1,0
2024-08-04,Health,298.34,Online,Center indicate service herself listen sign front ago.,4,2,2
2024-09-07,Entertainment,254.6,Card,Adult style wonder appear.,2,0,2
2024-08-01,Bills,307.4,Online,Fly structure nature allow political action party.,0,2,2
2024-10-09,Miscellaneous,50.13,Online,Add rich in year.,5,2,1
2024-09-25,Transport,307.2,Card,Simply phone land positive point cause.,7,0,2
2024-09-27,Education,81.33,Online,Tend term however everyone.,1,2,1
2024-04-01,Food,183.62,Online,Table prove throw analysis threat though book husband.,3,2,2
2025-03-29,Miscellaneous,279.79,Online,Soon wish oil them less.,5,2,2
2024-05-10,Food,371.81,Card,Case ahead use exactly sort.,3,0,0
2024-12-20,Education,495.21,Online,Although left talk coach.,1,2,0
2024-09-04,Health,368.2,Online,Charge within language beat.,4,2,0
2024-12-09,Transport,283.69,Online,As low necessary right church.,7,2,2
2024-09-13,Miscellaneous,357.59,Cash,Right power eight firm design successful fish go.,5,1,0
2024-09-01,Shopping,406.68,Card,Their exist start clear their end.,6,0,0
2025-01-19,Miscellaneous,411.26,Card,Power kitchen action born series administration.,5,0,0
2024-08-31,Education,287.22,Card,Although garden enough certain ago call.,1,0,2
2025-02-08,Bills,83.04,Online,Light standard activity offer surface voice yourself.,0,2,1
2024-09-09,Transport,470.06,Card,Real travel too establish compare control.,7,0,0
2024-04-08,Entertainment,88.73,Card,Anything suggest win whom serious look.,2,0,1
2024-06-02,Miscellaneous,30.36,Online,Series which return character.,5,2,1
2024-09-06,Bills,187.84,Online,Nice group despite trouble success if.,0,2,2
2025-03-15,Shopping,37.22,Online,Third approach receive day only price.,6,2,1
2025-02-10,Food,58.05,Online,Young sea guess house.,3,2,1
2025-01-28,Miscellaneous,342.48,Online,Wonder treat or remain.,5,2,0
2024-11-27,Food,429.94,Online,Out town weight.,3,2,0
2024-10-29,Education,103.46,Online,Black beat life study exactly.,1,2,1
2025-02-14,Entertainment,450.52,Card,Help him use author position forward far difference.,2,0,0
2025-01-23,Transport,290.66,Online,Teacher space pick treatment.,7,2,2
2024-05-12,Transport,398.18,Online,Stage hot answer lead treat hear popular.,7,2,0
2024-09-12,Miscellaneous,490.59,Online,Member big pull however author best.,5,2,0
2024-05-26,Entertainment,455.1,Online,Over energy Congress third leg team dark.,2,2,0
2024-07-08,Miscellaneous,135.07,Card,Know share interest play information.,5,0,1
2024-11-06,Shopping,231.88,Online,Instead news town condition same between.,6,2,2
2024-04-26,Miscellaneous,431.11,Cash,Likely father exactly often page Republican item head.,5,1,0
2025-01-03,Entertainment,264.68,Online,Wait week list view mouth.,2,2,2
2024-12-26,Shopping,340.87,Card,Recent campaign note common admit win turn.,6,0,0
2024-06-06,Food,258.48,Cash,Attorney yourself concern century education plan high.,3,1,2
2024-06-26,Health,131.03,Cash,Perhaps well true day discuss technology.,4,1,1
2024-06-01,Food,204.59,Online,Reach however after total.,3,2,2
2024-09-10,Miscellaneous,371.39,Card,Adult collection alone size majority here.,5,0,0
2024-07-05,Entertainment,192.2,Cash,Message Republican thank produce participant thus.,2,1,2
2024-05-31,Miscellaneous,40.48,Cash,Determine water buy.,5,1,1
2025-02-01,Transport,148.63,Card,Oil require along week pattern.,7,0,1
2024-05-01,Shopping,91.71,Card,Unit choice soon theory probably.,6,0,1
2024-11-01,Miscellaneous,117.46,Online,Financial open now high feeling.,5,2,1
2024-11-19,Food,349.57,Card,Course despite store service especially.,3,0,0
2025-02-01,Bills,307.82,Online,Reveal everybody hot sing bag civil security.,0,2,2
2025-03-12,Food,45.41,Cash,House safe peace deep reach call.,3,1,1
2024-05-02,Transport,365.76,Card,Key wife position sound glass weight over for.,7,0,0
2024-11-06,Health,324.56,Cash,Leader land public.,4,1,2
2024-05-28,Shopping,70.86,Card,To air second sense decade.,6,0,1
2024-12-20,Miscellaneous,5.19,Cash,Certainly join security idea current.,5,1,1
2024-04-21,Education,458.34,Card,Ground through final night.,1,0,0
2024-09-20,Education,135.39,Card,Cultural himself actually hold movie.,1,0,1
2025-01-25,Shopping,153.2,Online,Institution wind must manager program.,6,2,1
2024-11-03,Miscellaneous,246.32,Card,Plant financial exactly news head.,5,0,2
2024-05-01,Shopping,6.6,Online,Apply like leg close try reach.,6,2,1
2024-07-11,Health,50.86,Online,However not old whether range.,4,2,1
2025-02-24,Transport,317.88,Cash,Should certain south stay.,7,1,2
2025-01-18,Bills,429.02,Cash,Name return anything soldier sell financial couple.,0,1,0
2025-01-20,Health,282.76,Cash,Small fact we finally admit during turn voice.,4,1,2
2025-01-16,Education,111.89,Cash,Specific tax artist entire.,1,1,1
2024-11-07,Transport,255.81,Card,Memory bag believe into since field guy.,7,0,2
2024-05-01,Health,420.76,Cash,Short rule outside agreement.,4,1,0
2024-05-09,Entertainment,257.96,Cash,Two south traditional.,2,1,2
2024-05-24,Bills,181.6,Cash,Threat development property class within.,0,1,2
2024-07-12,Health,480.84,Cash,Personal recent rock consider expect with.,4,1,0
2025-01-26,Transport,300.86,Cash,General tree many.,7,1,2
2024-11-03,Entertainment,87.41,Online,Event number carry meeting hand mission.,2,2,1
2024-10-22,Shopping,478.62,Card,Level wall stand smile often national.,6,0,0
2025-03-02,Health,96.85,Cash,Clearly similar several program east look customer.,4,1,1
2024-09-07,Health,330.8,Online,Wall part no then authority.,4,2,2
2024-12-13,Transport,477.03,Card,Event religious reach American strong production those.,7,0,0
2025-01-22,Food,245.33,Card,Argue budget near edge.,3,0,2
2024-05-21,Bills,56.77,Card,Reality require stock point huge support only.,0,0,1
2024-08-28,Bills,80.64,Online,Herself around run west.,0,2,1
2025-02-01,Entertainment,78.97,Cash,Allow against you.,2,1,1
2024-11-12,Food,450.49,Card,Bit score her painting.,3,0,0
2024-08-22,Education,252.33,Online,Probably recently control land decade.,1,2,2
2024-10-29,Shopping,267.76,Cash,Over per fall other always direction develop.,6,1,2
2024-08-20,Bills,222.05,Online,Shake baby in drop situation interesting prepare I.,0,2,2
2024-06-01,Bills,201.09,Online,The tax computer suggest wide yeah capital.,0,2,2
2025-03-17,Education,203.2,Card,Hard too require partner heavy across fill.,1,0,2
2024-07-18,Health,114.2,Card,Congress knowledge measure during including truth develop.,4,0,1
2024-04-08,Entertainment,131.08,Cash,Economic high social road.,2,1,1
2024-07-27,Health,105.22,Cash,Truth year member boy push carry leader.,4,1,1
2024-11-11,Bills,263.32,Online,Public popular able stay management feel operation.,0,2,2
2025-03-16,Miscellaneous,279.99,Cash,Arrive act director market truth score.,5,1,2
2024-09-27,Education,52.82,Cash,Subject maybe beat son join option.,1,1,1
2024-06-04,Health,149.72,Card,Gas team how four range.,4,0,1
2024-05-27,Entertainment,199.41,Card,Knowledge like why.,2,0,2
2024-06-30,Transport,169.34,Cash,Great establish go dog occur.,7,1,1
2024-07-16,Bills,29.68,Card,Receive view behavior together either our western.,0,0,1
2024-11-03,Shopping,81.95,Cash,Enough until laugh energy place same.,6,1,1
2024-11-11,Shopping,370.65,Online,Property discover test night.,6,2,0
2024-09-02,Miscellaneous,262.65,Online,Law agree nothing population nothing wind.,5,2,2
2024-08-30,Health,188.51,Online,Letter son address three same tough.,4,2,2
2024-12-14,Shopping,365.95,Card,Risk morning according door investment pass.,6,0,0
2024-10-12,Miscellaneous,65.67,Card,Research team often drop.,5,0,1
2024-05-11,Transport,7.21,Cash,Worry good view final especially whatever about.,7,1,1
2024-04-24,Education,145.71,Card,Strong event sell situation.,1,0,1
2024-10-30,Health,251.09,Cash,Much role trip road not thought.,4,1,2
2024-10-20,Bills,288.84,Card,Respond southern drive down.,0,0,2
2024-06-16,Bills,456.43,Online,Campaign share civil run hair significant article.,0,2,0
2024-11-13,Health,32.02,Online,End baby treatment avoid wish.,4,2,1
2025-01-12,Entertainment,152.18,Cash,Shoulder herself lose into.,2,1,1
2024-05-06,Health,397.15,Online,Or believe physical by this ball live.,4,2,0
2024-11-22,Shopping,112.0,Online,Always know reach air image who.,6,2,1
2025-01-31,Shopping,408.7,Card,Partner point market face expert learn knowledge.,6,0,0
2024-12-30,Miscellaneous,177.07,Card,Easy high certainly have west.,5,0,2
2024-05-23,Miscellaneous,214.81,Card,Admit travel left receive series energy debate trial.,5,0,2
2025-01-08,Entertainment,40.64,Card,Outside until simple act everyone account both.,2,0,1
2024-05-22,Education,278.93,Online,Peace heart mission everything vote campaign we deep.,1,2,2
2024-05-28,Education,213.29,Card,No all partner lot movie.,1,0,2
2024-11-01,Health,19.75,Online,Memory place size fine difficult.,4,2,1
2024-10-10,Miscellaneous,142.62,Cash,Bar later nothing.,5,1,1
2024-11-09,Health,327.19,Cash,Billion bill similar occur friend today story.,4,1,2
2025-02-19,Food,39.33,Cash,Machine central black watch man.,3,1,1
2024-07-07,Food,371.24,Card,School phone operation west central.,3,0,0
2025-03-17,Entertainment,154.16,Online,Enjoy office nothing ready but agency.,2,2,1
2024-05-30,Miscellaneous,289.4,Online,System six house for share any.,5,2,2
2024-09-25,Education,242.24,Online,Note he be month attack item information.,1,2,2
2024-12-18,Entertainment,296.64,Card,Win public camera entire cell still.,2,0,2
2024-10-25,Shopping,416.88,Cash,Particular son shake energy new south generation.,6,1,0
2025-02-10,Transport,435.95,Online,Impact other go again office finish.,7,2,0
2024-06-11,Shopping,181.22,Card,Involve until bit couple population born chair.,6,0,2
2024-08-12,Bills,347.74,Card,Offer office kitchen pay exactly accept.,0,0,0
2024-07-23,Food,303.01,Cash,Shake will table fly popular result fear.,3,1,2
2024-10-01,Education,86.19,Online,Student eye capital soon cup together young.,1,2,1
2024-12-03,Bills,147.75,Card,Finish reveal your president both.,0,0,1
2024-08-18,Bills,369.59,Cash,Energy tend end really.,0,1,0
2025-01-02,Food,88.52,Cash,Might customer experience southern feel president.,3,1,1
2024-12-30,Bills,377.43,Online,Stand low by fine without research.,0,2,0
2024-10-06,Shopping,128.35,Cash,Try far music.,6,1,1
2024-06-14,Bills,23.37,Card,Ago sell vote manager authority.,0,0,1
2024-06-16,Shopping,246.03,Cash,Later amount computer sit suffer history point figure.,6,1,2
2024-06-06,Transport,489.69,Card,Third fill civil why direction civil wrong.,7,0,0
2024-07-05,Food,42.59,Card,Act blood board responsibility.,3,0,1
2024-12-24,Miscellaneous,22.21,Card,Nor sure agreement pretty.,5,0,1
2024-10-10,Bills,266.06,Online,Read strategy only research budget soldier.,0,2,2
2024-05-01,Food,324.61,Online,Compare night base challenge from central.,3,2,2
2024-09-26,Miscellaneous,421.19,Online,Challenge media baby.,5,2,0
2024-07-12,Food,354.87,Online,Rest produce wish.,3,2,0
2025-02-22,Bills,270.95,Card,Trial goal low field.,0,0,2
2025-02-21,Transport,455.37,Card,School much fine next.,7,0,0
2024-08-23,Health,396.85,Cash,Professional couple case.,4,1,0
2024-09-23,Education,272.14,Cash,Pass pick themselves nearly high adult.,1,1,2
2024-07-02,Education,464.42,Online,Already forget us painting toward general rich.,1,2,0
2024-09-25,Bills,236.76,Card,Region market result between pass PM trip.,0,0,2
2024-08-04,Education,459.6,Card,Happen bring Mr thing among third.,1,0,0
2024-09-23,Entertainment,467.44,Online,Somebody professional law check various red.,2,2,0
2025-03-19,Education,143.53,Card,Do service try ever.,1,0,1
2024-07-24,Food,422.67,Cash,Woman go miss share leg stock beyond.,3,1,0
2025-02-20,Transport,41.53,Online,Talk consumer how water interest put raise.,7,2,1
2024-05-25,Health,199.82,Card,Open camera movie sing here ask serious.,4,0,2
2024-06-17,Miscellaneous,163.01,Cash,Not significant fire practice.,5,1,1
2024-12-19,Education,319.19,Online,Lose hot challenge success evidence.,1,2,2
2024-12-18,Transport,460.98,Online,Research through region knowledge few author along common.,7,2,0
2025-02-14,Food,95.31,Online,Center hair nearly guy point.,3,2,1
2024-09-13,Health,47.69,Card,Available decade something area society spring act.,4,0,1
2024-04-10,Bills,265.1,Card,Head fly station rest yes lose.,0,0,2
2024-07-03,Entertainment,6.62,Cash,Truth clear model claim night data.,2,1,1
2024-04-09,Education,194.01,Card,Statement daughter time hear country assume.,1,0,2
2025-02-26,Transport,223.7,Cash,Room form hope positive same sign opportunity.,7,1,2
2024-12-12,Entertainment,397.84,Card,Call significant chair probably impact determine sell.,2,0,0
2024-06-27,Food,173.64,Card,Adult good reflect son director.,3,0,2
2025-01-25,Transport,219.3,Online,Production right set generation heavy.,7,2,2
2024-09-25,Shopping,340.59,Cash,Late argue collection name series conference always.,6,1,0
2025-03-25,Miscellaneous,444.44,Online,Race build difference.,5,2,0
2024-07-12,Food,159.52,Cash,Apply discover other clear role.,3,1,1
2024-11-20,Education,66.02,Online,Brother loss since home.,1,2,1
2024-05-05,Entertainment,114.81,Online,Ready point purpose ask structure speak.,2,2,1
2024-04-15,Food,34.71,Card,Card popular decision fear mean remember conference fight.,3,0,1
2025-01-24,Miscellaneous,303.1,Online,Skill reveal consider true score keep six.,5,2,2
2024-08-24,Health,432.63,Cash,Also including become degree lose once sense.,4,1,0
2024-06-24,Health,82.23,Cash,All free laugh fly or end worry.,4,1,1
2024-05-03,Food,64.87,Card,Exactly understand read good focus development already.,3,0,1
2025-02-09,Shopping,364.5,Cash,Choice like response investment hour evidence score.,6,1,0
2024-05-03,Bills,443.39,Cash,Lot account include wish beautiful with.,0,1,0
2024-09-08,Bills,487.7,Cash,Structure where inside participant car begin.,0,1,0
2025-02-17,Shopping,497.17,Cash,Better magazine trouble game read care.,6,1,0
2024-09-18,Health,417.83,Cash,Audience take company allow week.,4,1,0
2024-12-07,Miscellaneous,460.73,Card,Phone long coach team catch bag represent but.,5,0,0
2024-11-28,Transport,236.74,Card,Spend stop senior.,7,0,2
2025-02-25,Health,110.16,Card,Much head thousand half traditional particularly.,4,0,1
2024-05-03,Bills,41.07,Card,Today lose reason serve forward act would glass.,0,0,1
2024-10-08,Transport,154.32,Cash,Body quite common.,7,1,1
2024-10-07,Bills,424.23,Online,Sound thus behavior on foot.,0,2,0
2025-01-26,Transport,438.09,Online,Occur or mention half step personal push.,7,2,0
2024-12-30,Transport,491.56,Online,Somebody increase bad what.,7,2,0
2024-11-04,Entertainment,316.13,Card,She bill scientist.,2,0,2
2024-04-07,Education,345.02,Online,Experience truth ok dinner about boy none player.,1,2,0
2025-02-08,Food,421.61,Cash,Focus argue enough magazine.,3,1,0
2024-09-20,Bills,353.27,Card,Try college dog firm anyone help.,0,0,0
2024-09-05,Education,223.86,Online,Police fact data appear identify.,1,2,2
2025-03-28,Health,258.81,Card,Teach run sound quickly.,4,0,2
